{
    "name": "root",
    "gauges": {
        "KartDrive.Policy.Entropy.mean": {
            "value": -8.058869361877441,
            "min": -8.058869361877441,
            "max": -8.058568954467773,
            "count": 19
        },
        "KartDrive.Policy.Entropy.sum": {
            "value": -160919.5,
            "min": -161305.765625,
            "max": -160914.53125,
            "count": 19
        },
        "KartDrive.Step.mean": {
            "value": 379997.0,
            "min": 19998.0,
            "max": 379997.0,
            "count": 19
        },
        "KartDrive.Step.sum": {
            "value": 379997.0,
            "min": 19998.0,
            "max": 379997.0,
            "count": 19
        },
        "KartDrive.Policy.ExtrinsicValueEstimate.mean": {
            "value": -3.068662405014038,
            "min": -3.6041691303253174,
            "max": -0.7723420262336731,
            "count": 19
        },
        "KartDrive.Policy.ExtrinsicValueEstimate.sum": {
            "value": -20455.703125,
            "min": -24065.037109375,
            "max": -5148.43212890625,
            "count": 19
        },
        "KartDrive.Policy.GailValueEstimate.mean": {
            "value": 14.018538475036621,
            "min": 9.413110733032227,
            "max": 33.861263275146484,
            "count": 19
        },
        "KartDrive.Policy.GailValueEstimate.sum": {
            "value": 93447.578125,
            "min": 62757.2109375,
            "max": 225719.171875,
            "count": 19
        },
        "KartDrive.Losses.PolicyLoss.mean": {
            "value": 0.13451594128408165,
            "min": 0.12565691790893974,
            "max": 0.13778206432807805,
            "count": 19
        },
        "KartDrive.Losses.PolicyLoss.sum": {
            "value": 9.416115889885715,
            "min": 8.710978314495152,
            "max": 9.644744502965464,
            "count": 19
        },
        "KartDrive.Losses.ValueLoss.mean": {
            "value": 0.15320303365415724,
            "min": 0.07684592804514247,
            "max": 0.7465653312387536,
            "count": 19
        },
        "KartDrive.Losses.ValueLoss.sum": {
            "value": 10.724212355791007,
            "min": 5.379214963159972,
            "max": 51.513007855473994,
            "count": 19
        },
        "KartDrive.Policy.LearningRate.mean": {
            "value": 0.00027780192739936,
            "min": 0.00027780192739936,
            "max": 0.00029939520020159997,
            "count": 19
        },
        "KartDrive.Policy.LearningRate.sum": {
            "value": 0.0194461349179552,
            "min": 0.019251199202933757,
            "max": 0.020790134469955198,
            "count": 19
        },
        "KartDrive.Policy.Epsilon.mean": {
            "value": 0.19260064000000002,
            "min": 0.19260064000000002,
            "max": 0.19979840000000001,
            "count": 19
        },
        "KartDrive.Policy.Epsilon.sum": {
            "value": 13.4820448,
            "min": 13.31706624,
            "max": 13.930044800000001,
            "count": 19
        },
        "KartDrive.Policy.Beta.mean": {
            "value": 0.004630771936,
            "min": 0.004630771936,
            "max": 0.00498994016,
            "count": 19
        },
        "KartDrive.Policy.Beta.sum": {
            "value": 0.32415403552,
            "min": 0.320901605376,
            "max": 0.34650923552,
            "count": 19
        },
        "KartDrive.Policy.GAILPolicyEstimate.mean": {
            "value": 0.1951260169977864,
            "min": 0.15482192723279478,
            "max": 0.3523214532655298,
            "count": 19
        },
        "KartDrive.Policy.GAILPolicyEstimate.sum": {
            "value": 13.658821189845048,
            "min": 10.68271297906284,
            "max": 24.310180275321557,
            "count": 19
        },
        "KartDrive.Policy.GAILExpertEstimate.mean": {
            "value": 0.7904996600415972,
            "min": 0.6545830955283973,
            "max": 0.8151695149212324,
            "count": 19
        },
        "KartDrive.Policy.GAILExpertEstimate.sum": {
            "value": 55.334976202911804,
            "min": 45.16623359145942,
            "max": 56.85162254947203,
            "count": 19
        },
        "KartDrive.Losses.GAILLoss.mean": {
            "value": 0.5780717648802296,
            "min": 0.4867547965871987,
            "max": 0.9889017611710024,
            "count": 19
        },
        "KartDrive.Losses.GAILLoss.sum": {
            "value": 40.46502354161607,
            "min": 33.58608096451671,
            "max": 68.23422152079917,
            "count": 19
        },
        "KartDrive.Policy.GAILGradMagLoss.mean": {
            "value": 0.03067975768181323,
            "min": 0.019546189028229834,
            "max": 0.05755099582373876,
            "count": 19
        },
        "KartDrive.Policy.GAILGradMagLoss.sum": {
            "value": 2.147583037726926,
            "min": 1.3486870429478586,
            "max": 3.9710187118379743,
            "count": 19
        },
        "KartDrive.Losses.PretrainingLoss.mean": {
            "value": 0.0077333843514298855,
            "min": 0.0077333843514298855,
            "max": 0.007760470338052069,
            "count": 19
        },
        "KartDrive.Losses.PretrainingLoss.sum": {
            "value": 0.541336904600092,
            "min": 0.5337858512277742,
            "max": 0.543015590082154,
            "count": 19
        },
        "KartDrive.IsTraining.mean": {
            "value": 1.0,
            "min": 1.0,
            "max": 1.0,
            "count": 19
        },
        "KartDrive.IsTraining.sum": {
            "value": 1.0,
            "min": 1.0,
            "max": 1.0,
            "count": 19
        },
        "KartDrive.Environment.EpisodeLength.mean": {
            "value": 9999.0,
            "min": 9999.0,
            "max": 9999.0,
            "count": 2
        },
        "KartDrive.Environment.EpisodeLength.sum": {
            "value": 159984.0,
            "min": 159984.0,
            "max": 159984.0,
            "count": 2
        },
        "KartDrive.Environment.CumulativeReward.mean": {
            "value": -478.20002875477076,
            "min": -478.20002875477076,
            "max": -465.4800283918778,
            "count": 4
        },
        "KartDrive.Environment.CumulativeReward.sum": {
            "value": -478.20002875477076,
            "min": -7010.900428779423,
            "max": -466.600028000772,
            "count": 4
        },
        "KartDrive.Policy.ExtrinsicReward.mean": {
            "value": -286.92001140117645,
            "min": -286.92001140117645,
            "max": -279.2880111078421,
            "count": 4
        },
        "KartDrive.Policy.ExtrinsicReward.sum": {
            "value": -286.92001140117645,
            "min": -4206.5401673913,
            "max": -279.9600111544132,
            "count": 4
        },
        "KartDrive.Policy.GailReward.mean": {
            "value": 1154.2671899534762,
            "min": 1140.1635425071852,
            "max": 1217.6882202684878,
            "count": 4
        },
        "KartDrive.Policy.GailReward.sum": {
            "value": 1154.2671899534762,
            "min": 1154.2671899534762,
            "max": 18265.32330402732,
            "count": 4
        }
    },
    "metadata": {
        "timer_format_version": "0.1.0",
        "start_time_seconds": "1668518189",
        "python_version": "3.7.9 (tags/v3.7.9:13c94747c7, Aug 17 2020, 18:58:18) [MSC v.1900 64 bit (AMD64)]",
        "command_line_arguments": "F:\\Projects\\Unity-Projects\\Kart-Racer-One-Last-Course\\venv\\Scripts\\mlagents-learn ConfigAgents\\config2.yaml --initialize-from=racetrack4 --run-id=racetrack5",
        "mlagents_version": "0.28.0",
        "mlagents_envs_version": "0.28.0",
        "communication_protocol_version": "1.5.0",
        "pytorch_version": "1.7.1+cu110",