{
    "name": "root",
    "gauges": {
        "KartDrive.Policy.Entropy.mean": {
            "value": -8.058507919311523,
            "min": -8.058507919311523,
            "max": -3.0150036811828613,
            "count": 92
        },
        "KartDrive.Policy.Entropy.sum": {
            "value": -161299.09375,
            "min": -161299.09375,
            "max": -60348.3125,
            "count": 92
        },
        "KartDrive.Step.mean": {
            "value": 1839998.0,
            "min": 19998.0,
            "max": 1839998.0,
            "count": 92
        },
        "KartDrive.Step.sum": {
            "value": 1839998.0,
            "min": 19998.0,
            "max": 1839998.0,
            "count": 92
        },
        "KartDrive.Policy.ExtrinsicValueEstimate.mean": {
            "value": -0.054054681211709976,
            "min": -0.09038779139518738,
            "max": -0.004930900875478983,
            "count": 92
        },
        "KartDrive.Policy.ExtrinsicValueEstimate.sum": {
            "value": -360.382568359375,
            "min": -602.6154174804688,
            "max": -32.869384765625,
            "count": 92
        },
        "KartDrive.Policy.GailValueEstimate.mean": {
            "value": 25.972957611083984,
            "min": 19.13336944580078,
            "max": 52.199462890625,
            "count": 92
        },
        "KartDrive.Policy.GailValueEstimate.sum": {
            "value": 173161.703125,
            "min": 127543.0390625,
            "max": 348013.8125,
            "count": 92
        },
        "KartDrive.Losses.PolicyLoss.mean": {
            "value": 0.1260373947929569,
            "min": 0.12127674154288359,
            "max": 0.1691382172921558,
            "count": 92
        },
        "KartDrive.Losses.PolicyLoss.sum": {
            "value": 8.822617635506983,
            "min": 8.403031931715775,
            "max": 11.67053699315875,
            "count": 92
        },
        "KartDrive.Losses.ValueLoss.mean": {
            "value": 0.5009882709084119,
            "min": 0.23574005342408932,
            "max": 1.4688156610798264,
            "count": 92
        },
        "KartDrive.Losses.ValueLoss.sum": {
            "value": 35.06917896358883,
            "min": 16.501803739686252,
            "max": 102.81709627558784,
            "count": 92
        },
        "KartDrive.Policy.LearningRate.mean": {
            "value": 0.00019020099659968,
            "min": 0.00019020099659968,
            "max": 0.00029939520020159997,
            "count": 92
        },
        "KartDrive.Policy.LearningRate.sum": {
            "value": 0.0133140697619776,
            "min": 0.01320673497775584,
            "max": 0.020790134469955198,
            "count": 92
        },
        "KartDrive.Policy.Epsilon.mean": {
            "value": 0.16340032,
            "min": 0.16340032,
            "max": 0.19979840000000001,
            "count": 92
        },
        "KartDrive.Policy.Epsilon.sum": {
            "value": 11.4380224,
            "min": 11.302244159999999,
            "max": 13.930044800000001,
            "count": 92
        },
        "KartDrive.Policy.Beta.mean": {
            "value": 0.0031736759680000004,
            "min": 0.0031736759680000004,
            "max": 0.00498994016,
            "count": 92
        },
        "KartDrive.Policy.Beta.sum": {
            "value": 0.22215731776000003,
            "min": 0.22036198358400003,
            "max": 0.34650923552,
            "count": 92
        },
        "KartDrive.Policy.GAILPolicyEstimate.mean": {
            "value": 0.18560024694731786,
            "min": 0.15780737615773835,
            "max": 0.38922625843693476,
            "count": 92
        },
        "KartDrive.Policy.GAILPolicyEstimate.sum": {
            "value": 12.992017286312251,
            "min": 10.888708954883946,
            "max": 26.8566118321485,
            "count": 92
        },
        "KartDrive.Policy.GAILExpertEstimate.mean": {
            "value": 0.7925051785650705,
            "min": 0.6015742545446529,
            "max": 0.8124686169387574,
            "count": 92
        },
        "KartDrive.Policy.GAILExpertEstimate.sum": {
            "value": 55.47536249955494,
            "min": 41.50862356358105,
            "max": 56.41664046380256,
            "count": 92
        },
        "KartDrive.Losses.GAILLoss.mean": {
            "value": 0.5596127881082119,
            "min": 0.494945278370246,
            "max": 1.0727280252605629,
            "count": 92
        },
        "KartDrive.Losses.GAILLoss.sum": {
            "value": 39.172895167574836,
            "min": 34.151224207546974,
            "max": 74.01823374297884,
            "count": 92
        },
        "KartDrive.Policy.GAILGradMagLoss.mean": {
            "value": 0.024391750821587507,
            "min": 0.020175871356543886,
            "max": 0.37012162987556224,
            "count": 92
        },
        "KartDrive.Policy.GAILGradMagLoss.sum": {
            "value": 1.7074225575111255,
            "min": 1.3921351236015282,
            "max": 25.538392461413796,
            "count": 92
        },
        "KartDrive.Losses.PretrainingLoss.mean": {
            "value": 0.007810329379171402,
            "min": 0.007810329379171402,
            "max": 0.04638727559687957,
            "count": 92
        },
        "KartDrive.Losses.PretrainingLoss.sum": {
            "value": 0.5467230565419982,
            "min": 0.5392298529810884,
            "max": 3.2007220161846903,
            "count": 92
        },
        "KartDrive.IsTraining.mean": {
            "value": 1.0,
            "min": 1.0,
            "max": 1.0,
            "count": 92
        },
        "KartDrive.IsTraining.sum": {
            "value": 1.0,
            "min": 1.0,
            "max": 1.0,
            "count": 92
        },
        "KartDrive.Environment.EpisodeLength.mean": {
            "value": 9999.0,
            "min": 9999.0,
            "max": 9999.0,
            "count": 11
        },
        "KartDrive.Environment.EpisodeLength.sum": {
            "value": 159984.0,
            "min": 159984.0,
            "max": 159984.0,
            "count": 11
        },
        "KartDrive.Environment.CumulativeReward.mean": {
            "value": -512.0000297427177,
            "min": -550.0266976575057,
            "max": -454.580028222998,
            "count": 22
        },
        "KartDrive.Environment.CumulativeReward.sum": {
            "value": -512.0000297427177,
            "min": -8250.400464862585,
            "max": -468.30002856999636,
            "count": 22
        },
        "KartDrive.Policy.ExtrinsicReward.mean": {
            "value": -51.2000031247735,
            "min": -55.00267004867395,
            "max": -45.45800299495458,
            "count": 22
        },
        "KartDrive.Policy.ExtrinsicReward.sum": {
            "value": -51.2000031247735,
            "min": -825.0400507301092,
            "max": -46.83000302594155,
            "count": 22
        },
        "KartDrive.Policy.GailReward.mean": {
            "value": 5536.793521910906,
            "min": 2292.3063307181,
            "max": 5536.793521910906,
            "count": 22
        },
        "KartDrive.Policy.GailReward.sum": {
            "value": 5536.793521910906,
            "min": 2292.3063307181,
            "max": 55450.61483986676,
            "count": 22
        }
    },
    "metadata": {
        "timer_format_version": "0.1.0",
        "start_time_seconds": "1668477463",
        "python_version": "3.7.9 (tags/v3.7.9:13c94747c7, Aug 17 2020, 18:58:18) [MSC v.1900 64 bit (AMD64)]",
        "command_line_arguments": "F:\\Projects\\Unity-Projects\\Kart-Racer-One-Last-Course\\venv\\Scripts\\mlagents-learn ConfigAgents\\config.yaml --run-id=racetrack4",
        "mlagents_version": "0.28.0",
        "mlagents_envs_version": "0.28.0",
        "communication_protocol_version": "1.5.0",
        "pytorch_version": "1.7.1+cu110",