{
    "name": "root",
    "gauges": {
        "KartDrive.Policy.Entropy.mean": {
            "value": 1.4365456104278564,
            "min": 1.4201312065124512,
            "max": 1.4398102760314941,
            "count": 9
        },
        "KartDrive.Policy.Entropy.sum": {
            "value": 71712.359375,
            "min": 71237.4765625,
            "max": 72546.3515625,
            "count": 9
        },
        "KartDrive.Step.mean": {
            "value": 449936.0,
            "min": 49984.0,
            "max": 449936.0,
            "count": 9
        },
        "KartDrive.Step.sum": {
            "value": 449936.0,
            "min": 49984.0,
            "max": 449936.0,
            "count": 9
        },
        "KartDrive.Policy.ExtrinsicValueEstimate.mean": {
            "value": 0.029501860961318016,
            "min": -1.9070855379104614,
            "max": 0.029501860961318016,
            "count": 9
        },
        "KartDrive.Policy.ExtrinsicValueEstimate.sum": {
            "value": 23.30647087097168,
            "min": -1506.5975341796875,
            "max": 23.30647087097168,
            "count": 9
        },
        "KartDrive.Losses.PolicyLoss.mean": {
            "value": 0.022125346441559186,
            "min": 0.022125346441559186,
            "max": 0.025459221791485714,
            "count": 9
        },
        "KartDrive.Losses.PolicyLoss.sum": {
            "value": 0.11062673220779592,
            "min": 0.0898340133872504,
            "max": 0.12026289258161948,
            "count": 9
        },
        "KartDrive.Losses.ValueLoss.mean": {
            "value": 0.0015942835478927008,
            "min": 0.0015942835478927008,
            "max": 0.2803831639885902,
            "count": 9
        },
        "KartDrive.Losses.ValueLoss.sum": {
            "value": 0.007971417739463504,
            "min": 0.006873202034815526,
            "max": 1.4019158199429511,
            "count": 9
        },
        "KartDrive.Policy.LearningRate.mean": {
            "value": 4.340552553152e-05,
            "min": 4.340552553152e-05,
            "max": 0.00028383840538719995,
            "count": 9
        },
        "KartDrive.Policy.LearningRate.sum": {
            "value": 0.0002170276276576,
            "min": 0.0002170276276576,
            "max": 0.0012744576751808003,
            "count": 9
        },
        "KartDrive.Policy.Epsilon.mean": {
            "value": 0.11446848000000001,
            "min": 0.11446848000000001,
            "max": 0.19461279999999997,
            "count": 9
        },
        "KartDrive.Policy.Epsilon.sum": {
            "value": 0.5723424,
            "min": 0.5389504000000002,
            "max": 0.9248192000000003,
            "count": 9
        },
        "KartDrive.Policy.Beta.mean": {
            "value": 0.0007319771520000002,
            "min": 0.0007319771520000002,
            "max": 0.0047311787200000005,
            "count": 9
        },
        "KartDrive.Policy.Beta.sum": {
            "value": 0.003659885760000001,
            "min": 0.003659885760000001,
            "max": 0.021248478080000004,
            "count": 9
        },
        "KartDrive.Environment.EpisodeLength.mean": {
            "value": 1199.0,
            "min": 1199.0,
            "max": 1490.8918918918919,
            "count": 9
        },
        "KartDrive.Environment.EpisodeLength.sum": {
            "value": 43164.0,
            "min": 43164.0,
            "max": 55163.0,
            "count": 9
        },
        "KartDrive.Environment.CumulativeReward.mean": {
            "value": 0.0,
            "min": -26.283335581007933,
            "max": 0.0,
            "count": 9
        },
        "KartDrive.Environment.CumulativeReward.sum": {
            "value": 0.0,
            "min": -946.2000809162855,
            "max": 0.0,
            "count": 9
        },
        "KartDrive.Policy.ExtrinsicReward.mean": {
            "value": 0.0,
            "min": -26.283335581007933,
            "max": 0.0,
            "count": 9
        },
        "KartDrive.Policy.ExtrinsicReward.sum": {
            "value": 0.0,
            "min": -946.2000809162855,
            "max": 0.0,
            "count": 9
        },
        "KartDrive.IsTraining.mean": {
            "value": 1.0,
            "min": 1.0,
            "max": 1.0,
            "count": 9
        },
        "KartDrive.IsTraining.sum": {
            "value": 1.0,
            "min": 1.0,
            "max": 1.0,
            "count": 9
        }
    },
    "metadata": {
        "timer_format_version": "0.1.0",
        "start_time_seconds": "1668265630",
        "python_version": "3.7.9 (tags/v3.7.9:13c94747c7, Aug 17 2020, 18:58:18) [MSC v.1900 64 bit (AMD64)]",
        "command_line_arguments": "F:\\Projects\\Unity-Projects\\Kart-Racer-One-Last-Course\\venv\\Scripts\\mlagents-learn --initialize-from=testtrack4 --run-id=testtrack5",
        "mlagents_version": "0.28.0",
        "mlagents_envs_version": "0.28.0",
        "communication_protocol_version": "1.5.0",
        "pytorch_version": "1.7.1+cu110",
        "numpy_version": "1.21.2",
        "end_time_seconds": "1668266232"
    },
    "total": 602.8741074,
    "count": 1,
    "self": 0.017313699999931487,
    "children": {
        "run_training.setup": {
            "total": 0.06971060000000007,
            "count": 1,
            "self": 0.06971060000000007
        },
        "TrainerController.start_learning": {
            "total": 602.7870831,
            "count": 1,
            "self": 0.8584859000026199,
            "children": {
                "TrainerController._reset_env": {
                    "total": 9.488349399999999,
                    "count": 1,
                    "self": 9.488349399999999
                },
                "TrainerController.advance": {
                    "total": 591.7063141999976,
                    "count": 47056,
                    "self": 0.8412277999966591,
                    "children": {
                        "env_step": {
                            "total": 454.74076310000265,
                            "count": 47056,
                            "self": 234.36636749999437,
                            "children": {
                                "SubprocessEnvManager._take_step": {
                                    "total": 219.79054210000055,
                                    "count": 47056,
                                    "self": 2.8676036000062197,
                                    "children": {
                                        "TorchPolicy.evaluate": {
                                            "total": 216.92293849999433,
                                            "count": 47056,
                                            "self": 91.20549799998865,
                                            "children": {
                                                "TorchPolicy.sample_actions": {
                                                    "total": 125.71744050000568,
                                                    "count": 47056,
                                                    "self": 125.71744050000568
                                                }
                                            }
                                        }
                                    }
                                },
                                "workers": {
                                    "total": 0.5838535000077396,
                                    "count": 47056,
                                    "self": 0.0,
                                    "children": {
                                        "worker_root": {
                                            "total": 593.4488129999944,
                                            "count": 47056,
                                            "is_parallel": true,
                                            "self": 410.58996430000116,