{
    "name": "root",
    "gauges": {
        "KartDrive.Policy.Entropy.mean": {
            "value": 0.3436708450317383,
            "min": 0.3205941915512085,
            "max": 0.4076903760433197,
            "count": 19
        },
        "KartDrive.Policy.Entropy.sum": {
            "value": 6862.41943359375,
            "min": 6414.1279296875,
            "max": 8156.6611328125,
            "count": 19
        },
        "KartDrive.Step.mean": {
            "value": 379997.0,
            "min": 19998.0,
            "max": 379997.0,
            "count": 19
        },
        "KartDrive.Step.sum": {
            "value": 379997.0,
            "min": 19998.0,
            "max": 379997.0,
            "count": 19
        },
        "KartDrive.Policy.ExtrinsicValueEstimate.mean": {
            "value": -0.04349710792303085,
            "min": -0.38812971115112305,
            "max": 0.6715288162231445,
            "count": 19
        },
        "KartDrive.Policy.ExtrinsicValueEstimate.sum": {
            "value": -289.95172119140625,
            "min": -2587.272705078125,
            "max": 4476.4111328125,
            "count": 19
        },
        "KartDrive.Policy.GailValueEstimate.mean": {
            "value": 60.52965545654297,
            "min": 14.688291549682617,
            "max": 62.69412612915039,
            "count": 19
        },
        "KartDrive.Policy.GailValueEstimate.sum": {
            "value": 403490.6875,
            "min": 97912.1484375,
            "max": 417981.75,
            "count": 19
        },
        "KartDrive.Losses.PolicyLoss.mean": {
            "value": 0.12916140997248016,
            "min": 0.1286800692141302,
            "max": 0.13662195000432756,
            "count": 19
        },
        "KartDrive.Losses.PolicyLoss.sum": {
            "value": 9.428782927991051,
            "min": 9.393645052631504,
            "max": 10.069450223426884,
            "count": 19
        },
        "KartDrive.Losses.ValueLoss.mean": {
            "value": 2.2462417428556103,
            "min": 0.7248872879309979,
            "max": 3.4713503093411933,
            "count": 19
        },
        "KartDrive.Losses.ValueLoss.sum": {
            "value": 163.97564722845954,
            "min": 52.916772018962845,
            "max": 253.40857258190712,
            "count": 19
        },
        "KartDrive.Policy.LearningRate.mean": {
            "value": 0.00024450886849705,
            "min": 0.00024450886849705,
            "max": 0.00029848485050505,
            "count": 19
        },
        "KartDrive.Policy.LearningRate.sum": {
            "value": 0.01784914740028465,
            "min": 0.01784914740028465,
            "max": 0.02178939408686865,
            "count": 19
        },
        "KartDrive.Policy.Epsilon.mean": {
            "value": 0.18150295000000002,
            "min": 0.18150295000000002,
            "max": 0.19949495000000003,
            "count": 19
        },
        "KartDrive.Policy.Epsilon.sum": {
            "value": 13.249715350000002,
            "min": 13.249715350000002,
            "max": 14.563131350000003,
            "count": 19
        },
        "KartDrive.Policy.Beta.mean": {
            "value": 0.004076997204999999,
            "min": 0.004076997204999999,
            "max": 0.0049747980049999994,
            "count": 19
        },
        "KartDrive.Policy.Beta.sum": {
            "value": 0.29762079596499996,
            "min": 0.29762079596499996,
            "max": 0.363160254365,
            "count": 19
        },
        "KartDrive.Policy.GAILPolicyEstimate.mean": {
            "value": 0.3937687986449564,
            "min": 0.3497696948582179,
            "max": 0.4433590007869348,
            "count": 19
        },
        "KartDrive.Policy.GAILPolicyEstimate.sum": {
            "value": 28.745122301081818,
            "min": 25.533187724649906,
            "max": 32.36520705744624,
            "count": 19
        },
        "KartDrive.Policy.GAILExpertEstimate.mean": {
            "value": 0.6053621298442148,
            "min": 0.5536989065814235,
            "max": 0.6458797952219776,
            "count": 19
        },
        "KartDrive.Policy.GAILExpertEstimate.sum": {
            "value": 44.19143547862768,
            "min": 40.42002018044392,
            "max": 47.49162110686302,
            "count": 19
        },
        "KartDrive.Losses.GAILLoss.mean": {
            "value": 1.1161570346926992,
            "min": 1.0004836144648732,
            "max": 1.2305463839611508,
            "count": 19
        },
        "KartDrive.Losses.GAILLoss.sum": {
            "value": 81.47946353256704,
            "min": 73.03530385593574,
            "max": 89.829886029164,
            "count": 19
        },
        "KartDrive.Policy.GAILGradMagLoss.mean": {
            "value": 0.009039491196213499,
            "min": 0.009039491196213499,
            "max": 0.3583720980866464,
            "count": 19
        },
        "KartDrive.Policy.GAILGradMagLoss.sum": {
            "value": 0.6598828573235854,
            "min": 0.6598828573235854,
            "max": 26.161163160325184,
            "count": 19
        },
        "KartDrive.Losses.PretrainingLoss.mean": {
            "value": 0.11238667271940149,
            "min": 0.11238667271940149,
            "max": 0.1239727695675955,
            "count": 19
        },
        "KartDrive.Losses.PretrainingLoss.sum": {
            "value": 8.204227108516308,
            "min": 8.204227108516308,
            "max": 9.050012178434471,
            "count": 19
        },
        "KartDrive.IsTraining.mean": {
            "value": 1.0,
            "min": 1.0,
            "max": 1.0,
            "count": 19
        },
        "KartDrive.IsTraining.sum": {
            "value": 1.0,
            "min": 1.0,
            "max": 1.0,
            "count": 19
        },
        "KartDrive.Environment.EpisodeLength.mean": {
            "value": 9999.0,
            "min": 9999.0,
            "max": 9999.0,
            "count": 2
        },
        "KartDrive.Environment.EpisodeLength.sum": {
            "value": 129987.0,
            "min": 129987.0,
            "max": 129987.0,
            "count": 2
        },
        "KartDrive.Environment.CumulativeReward.mean": {
            "value": -50.80003168433905,
            "min": -348.3583699266116,
            "max": -44.269263124236694,
            "count": 3
        },
        "KartDrive.Environment.CumulativeReward.sum": {
            "value": -50.80003168433905,
            "min": -4180.300439119339,
            "max": -50.80003168433905,
            "count": 3
        },
        "KartDrive.Policy.ExtrinsicReward.mean": {
            "value": -5.080002936534584,
            "min": -34.83583678103363,
            "max": -4.426925967375819,
            "count": 3
        },
        "KartDrive.Policy.ExtrinsicReward.sum": {
            "value": -5.080002936534584,
            "min": -418.0300413724035,
            "max": -5.080002936534584,
            "count": 3
        },
        "KartDrive.Policy.GailReward.mean": {
            "value": 7480.407524969429,
            "min": 5489.834333872869,
            "max": 7480.407524969429,
            "count": 3
        },
        "KartDrive.Policy.GailReward.sum": {
            "value": 7480.407524969429,
            "min": 7480.407524969429,
            "max": 80777.19192537665,
            "count": 3
        }
    },
    "metadata": {
        "timer_format_version": "0.1.0",
        "start_time_seconds": "1669106972",
        "python_version": "3.7.9 (tags/v3.7.9:13c94747c7, Aug 17 2020, 18:58:18) [MSC v.1900 64 bit (AMD64)]",
        "command_line_arguments": "F:\\Projects\\Unity-Projects\\Kart-Racer-One-Last-Course\\venv\\Scripts\\mlagents-learn ConfigTraining\\config.yaml --run-id=racecircus02",
        "mlagents_version": "0.28.0",
        "mlagents_envs_version": "0.28.0",
        "communication_protocol_version": "1.5.0",