{
    "name": "root",
    "metadata": {
        "timer_format_version": "0.1.0",
        "start_time_seconds": "1668260190",
        "python_version": "3.7.9 (tags/v3.7.9:13c94747c7, Aug 17 2020, 18:58:18) [MSC v.1900 64 bit (AMD64)]",
        "command_line_arguments": "F:\\Projects\\Unity-Projects\\Kart-Racer-One-Last-Course\\venv\\Scripts\\mlagents-learn --run-id=testtrack1",
        "mlagents_version": "0.28.0",
        "mlagents_envs_version": "0.28.0",
        "communication_protocol_version": "1.5.0",
        "pytorch_version": "1.7.1+cu110",
        "numpy_version": "1.21.2",
        "end_time_seconds": "1668260247"
    },
    "total": 56.8901293,
    "count": 1,
    "self": 0.006020199999994702,
    "children": {
        "run_training.setup": {
            "total": 0.14162509999999973,
            "count": 1,
            "self": 0.14162509999999973
        },
        "TrainerController.start_learning": {
            "total": 56.742484000000005,
            "count": 1,
            "self": 0.007131100000052015,
            "children": {
                "TrainerController._reset_env": {
                    "total": 31.1492255,
                    "count": 1,
                    "self": 31.1492255
                },
                "TrainerController.advance": {
                    "total": 24.379623999999957,
                    "count": 401,
                    "self": 0.006805100000036646,
                    "children": {
                        "env_step": {
                            "total": 24.003683699999932,
                            "count": 401,
                            "self": 21.187973999999898,
                            "children": {
                                "SubprocessEnvManager._take_step": {
                                    "total": 2.811415299999993,
                                    "count": 401,
                                    "self": 0.022236799999951984,
                                    "children": {
                                        "TorchPolicy.evaluate": {
                                            "total": 2.789178500000041,
                                            "count": 401,
                                            "self": 0.7196329999999875,
                                            "children": {
                                                "TorchPolicy.sample_actions": {
                                                    "total": 2.0695455000000536,
                                                    "count": 401,
                                                    "self": 2.0695455000000536
                                                }
                                            }
                                        }
                                    }
                                },
                                "workers": {
                                    "total": 0.004294400000041776,
                                    "count": 400,
                                    "self": 0.0,
                                    "children": {
                                        "worker_root": {
                                            "total": 13.350357399999975,
                                            "count": 400,
                                            "is_parallel": true,
                                            "self": 10.772432699999964,
                                            "children": {
                                                "steps_from_proto": {
                                                    "total": 0.0005851000000021145,
                                                    "count": 1,
                                                    "is_parallel": true,
                                                    "self": 0.0002360000000045659,
                                                    "children": {
                                                        "_process_rank_one_or_two_observation": {
                                                            "total": 0.0003490999999975486,
                                                            "count": 4,
                                                            "is_parallel": true,
                                                            "self": 0.0003490999999975486
                                                        }
                                                    }
                                                },
                                                "UnityEnvironment.step": {
                                                    "total": 2.577339600000009,
                                                    "count": 400,
                                                    "is_parallel": true,
                                                    "self": 0.05082450000018923,
                                                    "children": {
                                                        "UnityEnvironment._generate_step_input": {
                                                            "total": 0.06627419999993833,
                                                            "count": 400,
                                                            "is_parallel": true,
                                                            "self": 0.06627419999993833
                                                        },
                                                        "communicator.exchange": {
                                                            "total": 2.2266046999999105,
                                                            "count": 400,
                                                            "is_parallel": true,
                                                            "self": 2.2266046999999105
                                                        },
                                                        "steps_from_proto": {
                                                            "total": 0.23363619999997098,
                                                            "count": 400,
                                                            "is_parallel": true,
                                                            "self": 0.07821999999991647,
                                                            "children": {
                                                                "_process_rank_one_or_two_observation": {
                                                                    "total": 0.15541620000005452,
                                                                    "count": 1600,
                                                                    "is_parallel": true,
                                                                    "self": 0.15541620000005452
                                                                }
                                                            }
                                                        }
                                                    }
                                                }
                                            }
                                        }
                                    }
                                }
                            }
                        },
                        "trainer_advance": {
                            "total": 0.3691351999999881,
                            "count": 400,
                            "self": 0.0087270000000359,
                            "children": {
                                "process_trajectory": {
                                    "total": 0.3604081999999522,
                                    "count": 400,
                                    "self": 0.3604081999999522
                                }
                            }
                        }
                    }
                },