{"count":1,"self":240.1729536,"total":253.4320511,"children":{"InitializeActuators":{"count":10,"self":0.0015115,"total":0.0015115,"children":null},"InitializeSensors":{"count":10,"self":0.0020017999999999998,"total":0.0020017999999999998,"children":null},"AgentSendState":{"count":12416,"self":2.2616875999999997,"total":2.6304792,"children":{"CollectObservations":{"count":62080,"self":0.2296098,"total":0.2296098,"children":null},"WriteActionMask":{"count":62080,"self":0.039689999999999996,"total":0.039689999999999996,"children":null},"RequestDecision":{"count":62080,"self":0.099491799999999991,"total":0.099491799999999991,"children":null}}},"DecideAction":{"count":12416,"self":10.2627624,"total":10.395431199999999,"children":{"RayPerceptionSensor.Perceive":{"count":62080,"self":0.13266899999999998,"total":0.13266899999999998,"children":null}}},"AgentAct":{"count":12416,"self":0.2281799,"total":0.2281799,"children":null}},"gauges":{"KartDrive.CumulativeReward":{"count":45,"max":0,"min":-385.001038,"runningAverage":-95.17629,"value":-59.1996765,"weightedAverage":-149.8788}},"metadata":{"timer_format_version":"0.1.0","start_time_seconds":"1671184230","unity_version":"2020.3.38f1","command_line_arguments":"F:\\Programs\\Unity Engine\\2020.3.38f1\\Editor\\Unity.exe -projectpath F:\\Projects\\Unity-Projects\\Kart-Racer-One-Last-Course -useHub -hubIPC -cloudEnvironment production -licensingIpc LicenseClient-Admin -hubSessionId 077328a0-7cf6-11ed-b45f-03b710682a77 -accessToken 0MYKvNRPJLQrtfJ7iE9wjrLrgrF7un7sgTEbgpZ29MY011f","communication_protocol_version":"1.5.0","com.unity.ml-agents_version":"2.2.1-exp.1","scene_name":"NewSpaceTrack","end_time_seconds":"1671184484"}}