{
    "name": "root",
    "metadata": {
        "timer_format_version": "0.1.0",
        "start_time_seconds": "1668326593",
        "python_version": "3.7.9 (tags/v3.7.9:13c94747c7, Aug 17 2020, 18:58:18) [MSC v.1900 64 bit (AMD64)]",
        "command_line_arguments": "F:\\Projects\\Unity-Projects\\Kart-Racer-One-Last-Course\\venv\\Scripts\\mlagents-learn ConfigAgents\\configuration.yaml --run-id=testtrack6",
        "mlagents_version": "0.28.0",
        "mlagents_envs_version": "0.28.0",
        "communication_protocol_version": "1.5.0",
        "pytorch_version": "1.7.1+cu110",
        "numpy_version": "1.21.2",
        "end_time_seconds": "1668327036"
    },
    "total": 442.90786799999995,
    "count": 1,
    "self": 0.00636209999993298,
    "children": {
        "run_training.setup": {
            "total": 0.13835149999999996,
            "count": 1,
            "self": 0.13835149999999996
        },
        "TrainerController.start_learning": {
            "total": 442.7631544,
            "count": 1,
            "self": 0.567232499999534,
            "children": {
                "TrainerController._reset_env": {
                    "total": 25.7666016,
                    "count": 1,
                    "self": 22.2253082,
                    "children": {
                        "demo_to_buffer": {
                            "total": 3.5412934000000007,
                            "count": 1,
                            "self": 0.0001163000000019565,
                            "children": {
                                "load_demonstration": {
                                    "total": 0.05236569999999929,
                                    "count": 1,
                                    "self": 0.05164170000000112,
                                    "children": {
                                        "read_file": {
                                            "total": 0.0007239999999981706,
                                            "count": 1,
                                            "self": 0.0007239999999981706
                                        }
                                    }
                                },
                                "make_demo_buffer": {
                                    "total": 3.4888113999999995,
                                    "count": 1,
                                    "self": 0.49518850000027115,
                                    "children": {
                                        "steps_from_proto": {
                                            "total": 2.9936228999997283,
                                            "count": 19222,
                                            "self": 1.8666849999999222,
                                            "children": {
                                                "_process_rank_one_or_two_observation": {
                                                    "total": 1.126937899999806,
                                                    "count": 76888,
                                                    "self": 1.126937899999806
                                                }
                                            }
                                        }
                                    }
                                }
                            }
                        }
                    }
                },
                "TrainerController.advance": {
                    "total": 415.5035200000005,
                    "count": 32354,
                    "self": 0.5705355000058603,
                    "children": {
                        "env_step": {
                            "total": 285.03639019999866,
                            "count": 32354,
                            "self": 144.45140020000096,
                            "children": {
                                "SubprocessEnvManager._take_step": {
                                    "total": 140.1824969999999,
                                    "count": 32354,
                                    "self": 1.7551063000004206,
                                    "children": {
                                        "TorchPolicy.evaluate": {
                                            "total": 138.42739069999948,
                                            "count": 32354,
                                            "self": 59.66482679999507,
                                            "children": {
                                                "TorchPolicy.sample_actions": {
                                                    "total": 78.76256390000441,
                                                    "count": 32354,
                                                    "self": 78.76256390000441
                                                }
                                            }
                                        }
                                    }
                                },
                                "workers": {
                                    "total": 0.4024929999978042,
                                    "count": 32353,
                                    "self": 0.0,
                                    "children": {
                                        "worker_root": {
                                            "total": 425.5422889999985,
                                            "count": 32353,
                                            "is_parallel": true,
                                            "self": 314.50557449999724,
                                            "children": {
                                                "steps_from_proto": {
                                                    "total": 0.0005565000000000708,
                                                    "count": 1,
                                                    "is_parallel": true,
                                                    "self": 0.00021930000000303096,
                                                    "children": {
                                                        "_process_rank_one_or_two_observation": {
                                                            "total": 0.00033719999999703987,
                                                            "count": 4,
                                                            "is_parallel": true,
                                                            "self": 0.00033719999999703987
                                                        }
                                                    }
                                                },
                                                "UnityEnvironment.step": {
                                                    "total": 111.03615800000128,
                                                    "count": 32353,
                                                    "is_parallel": true,
                                                    "self": 4.141753000001273,
                                                    "children": {
                                                        "UnityEnvironment._generate_step_input": {
                                                            "total": 5.447973699999043,
                                                            "count": 32353,
                                                            "is_parallel": true,
                                                            "self": 5.447973699999043
                                                        },
                                                        "communicator.exchange": {
                                                            "total": 89.29768640000309,
                                                            "count": 32353,
                                                            "is_parallel": true,