{
    "name": "root",
    "metadata": {
        "timer_format_version": "0.1.0",
        "start_time_seconds": "1668266652",
        "python_version": "3.7.9 (tags/v3.7.9:13c94747c7, Aug 17 2020, 18:58:18) [MSC v.1900 64 bit (AMD64)]",
        "command_line_arguments": "F:\\Projects\\Unity-Projects\\Kart-Racer-One-Last-Course\\venv\\Scripts\\mlagents-learn --force",
        "mlagents_version": "0.28.0",
        "mlagents_envs_version": "0.28.0",
        "communication_protocol_version": "1.5.0",
        "pytorch_version": "1.7.1+cu110",
        "numpy_version": "1.21.2",
        "end_time_seconds": "1668266779"
    },
    "total": 127.3437191,
    "count": 1,
    "self": 0.005042299999985289,
    "children": {
        "run_training.setup": {
            "total": 0.06912089999999993,
            "count": 1,
            "self": 0.06912089999999993
        },
        "TrainerController.start_learning": {
            "total": 127.26955590000001,
            "count": 1,
            "self": 0.0837379999999115,
            "children": {
                "TrainerController._reset_env": {
                    "total": 14.2845044,
                    "count": 1,
                    "self": 14.2845044
                },
                "TrainerController.advance": {
                    "total": 112.48794830000007,
                    "count": 4617,
                    "self": 0.07858789999970384,
                    "children": {
                        "env_step": {
                            "total": 99.4082732000002,
                            "count": 4617,
                            "self": 74.8718074000002,
                            "children": {
                                "SubprocessEnvManager._take_step": {
                                    "total": 24.480505199999918,
                                    "count": 4617,
                                    "self": 0.24659100000008038,
                                    "children": {
                                        "TorchPolicy.evaluate": {
                                            "total": 24.233914199999838,
                                            "count": 4617,
                                            "self": 11.4474781,
                                            "children": {
                                                "TorchPolicy.sample_actions": {
                                                    "total": 12.786436099999838,
                                                    "count": 4617,
                                                    "self": 12.786436099999838
                                                }
                                            }
                                        }
                                    }
                                },
                                "workers": {
                                    "total": 0.055960600000091176,
                                    "count": 4616,
                                    "self": 0.0,
                                    "children": {
                                        "worker_root": {
                                            "total": 108.42402510000036,
                                            "count": 4616,
                                            "is_parallel": true,
                                            "self": 45.159308000000095,
                                            "children": {
                                                "steps_from_proto": {
                                                    "total": 0.0004821999999986559,
                                                    "count": 1,
                                                    "is_parallel": true,
                                                    "self": 0.000201599999995139,
                                                    "children": {
                                                        "_process_rank_one_or_two_observation": {
                                                            "total": 0.0002806000000035169,
                                                            "count": 4,
                                                            "is_parallel": true,
                                                            "self": 0.0002806000000035169
                                                        }
                                                    }
                                                },
                                                "UnityEnvironment.step": {
                                                    "total": 63.26423490000027,
                                                    "count": 4616,
                                                    "is_parallel": true,
                                                    "self": 0.5947801000006123,
                                                    "children": {
                                                        "UnityEnvironment._generate_step_input": {
                                                            "total": 0.7464931999998754,
                                                            "count": 4616,
                                                            "is_parallel": true,
                                                            "self": 0.7464931999998754
                                                        },
                                                        "communicator.exchange": {
                                                            "total": 60.10529899999986,
                                                            "count": 4616,
                                                            "is_parallel": true,
                                                            "self": 60.10529899999986
                                                        },
                                                        "steps_from_proto": {
                                                            "total": 1.817662599999922,
                                                            "count": 4616,
                                                            "is_parallel": true,
                                                            "self": 0.793778800000009,
                                                            "children": {
                                                                "_process_rank_one_or_two_observation": {
                                                                    "total": 1.023883799999913,
                                                                    "count": 18464,
                                                                    "is_parallel": true,
                                                                    "self": 1.023883799999913
                                                                }
                                                            }
                                                        }
                                                    }
                                                }
                                            }
                                        }
                                    }
                                }
                            }
                        },
                        "trainer_advance": {
                            "total": 13.001087200000178,
                            "count": 4616,
                            "self": 0.10837320000075223,
                            "children": {
                                "process_trajectory": {
                                    "total": 4.0810273999994315,
                                    "count": 4616,
                                    "self": 4.0810273999994315
                                },
                                "_update_policy": {
                                    "total": 8.811686599999994,