{
    "name": "root",
    "gauges": {
        "KartDrive.Policy.Entropy.mean": {
            "value": 1.4237730503082275,
            "min": 1.4201843738555908,
            "max": 1.4237730503082275,
            "count": 3
        },
        "KartDrive.Policy.Entropy.sum": {
            "value": 71074.75,
            "min": 70924.765625,
            "max": 71804.5234375,
            "count": 3
        },
        "KartDrive.Step.mean": {
            "value": 149952.0,
            "min": 49984.0,
            "max": 149952.0,
            "count": 3
        },
        "KartDrive.Step.sum": {
            "value": 149952.0,
            "min": 49984.0,
            "max": 149952.0,
            "count": 3
        },
        "KartDrive.Policy.ExtrinsicValueEstimate.mean": {
            "value": -0.8303216695785522,
            "min": -0.8303216695785522,
            "max": 0.18083596229553223,
            "count": 3
        },
        "KartDrive.Policy.ExtrinsicValueEstimate.sum": {
            "value": -656.784423828125,
            "min": -656.784423828125,
            "max": 143.04124450683594,
            "count": 3
        },
        "KartDrive.Losses.PolicyLoss.mean": {
            "value": 0.023101803345646963,
            "min": 0.022433370726260664,
            "max": 0.023496201319649114,
            "count": 3
        },
        "KartDrive.Losses.PolicyLoss.sum": {
            "value": 0.09240721338258785,
            "min": 0.08973348290504266,
            "max": 0.11748100659824558,
            "count": 3
        },
        "KartDrive.Losses.ValueLoss.mean": {
            "value": 0.2613677403579156,
            "min": 0.04348308473363431,
            "max": 0.2613677403579156,
            "count": 3
        },
        "KartDrive.Losses.ValueLoss.sum": {
            "value": 1.0454709614316624,
            "min": 0.17393233893453725,
            "max": 1.0454709614316624,
            "count": 3
        },
        "KartDrive.Policy.LearningRate.mean": {
            "value": 0.00022584002472,
            "min": 0.00022584002472,
            "max": 0.000283824005392,
            "count": 3
        },
        "KartDrive.Policy.LearningRate.sum": {
            "value": 0.00090336009888,
            "min": 0.00090336009888,
            "max": 0.0012744000752,
            "count": 3
        },
        "KartDrive.Policy.Epsilon.mean": {
            "value": 0.17528,
            "min": 0.17528,
            "max": 0.19460800000000003,
            "count": 3
        },
        "KartDrive.Policy.Epsilon.sum": {
            "value": 0.70112,
            "min": 0.70112,
            "max": 0.9248000000000001,
            "count": 3
        },
        "KartDrive.Policy.Beta.mean": {
            "value": 0.0037664720000000003,
            "min": 0.0037664720000000003,
            "max": 0.004730939200000001,
            "count": 3
        },
        "KartDrive.Policy.Beta.sum": {
            "value": 0.015065888000000001,
            "min": 0.015065888000000001,
            "max": 0.021247520000000002,
            "count": 3
        },
        "KartDrive.Environment.EpisodeLength.mean": {
            "value": 1199.0,
            "min": 1199.0,
            "max": 1199.0,
            "count": 3
        },
        "KartDrive.Environment.EpisodeLength.sum": {
            "value": 47960.0,
            "min": 47960.0,
            "max": 47960.0,
            "count": 3
        },
        "KartDrive.Environment.CumulativeReward.mean": {
            "value": -27.272502167336643,
            "min": -27.272502167336643,
            "max": -2.812500202655792,
            "count": 3
        },
        "KartDrive.Environment.CumulativeReward.sum": {
            "value": -1090.9000866934657,
            "min": -1090.9000866934657,
            "max": -112.50000810623169,
            "count": 3
        },
        "KartDrive.Policy.ExtrinsicReward.mean": {
            "value": -27.272502167336643,
            "min": -27.272502167336643,
            "max": -2.812500202655792,
            "count": 3
        },
        "KartDrive.Policy.ExtrinsicReward.sum": {
            "value": -1090.9000866934657,
            "min": -1090.9000866934657,
            "max": -112.50000810623169,
            "count": 3
        },
        "KartDrive.IsTraining.mean": {
            "value": 1.0,
            "min": 1.0,
            "max": 1.0,
            "count": 3
        },
        "KartDrive.IsTraining.sum": {
            "value": 1.0,
            "min": 1.0,
            "max": 1.0,
            "count": 3
        }
    },
    "metadata": {
        "timer_format_version": "0.1.0",
        "start_time_seconds": "1668260354",
        "python_version": "3.7.9 (tags/v3.7.9:13c94747c7, Aug 17 2020, 18:58:18) [MSC v.1900 64 bit (AMD64)]",
        "command_line_arguments": "F:\\Projects\\Unity-Projects\\Kart-Racer-One-Last-Course\\venv\\Scripts\\mlagents-learn --run-id=testtrack2",
        "mlagents_version": "0.28.0",
        "mlagents_envs_version": "0.28.0",
        "communication_protocol_version": "1.5.0",
        "pytorch_version": "1.7.1+cu110",
        "numpy_version": "1.21.2",
        "end_time_seconds": "1668260619"
    },
    "total": 265.15166370000003,
    "count": 1,
    "self": 0.005478499999981068,
    "children": {
        "run_training.setup": {
            "total": 0.07060180000000005,
            "count": 1,
            "self": 0.07060180000000005
        },
        "TrainerController.start_learning": {
            "total": 265.0755834,
            "count": 1,
            "self": 0.32289229999946656,
            "children": {
                "TrainerController._reset_env": {
                    "total": 14.233093,
                    "count": 1,
                    "self": 14.233093
                },
                "TrainerController.advance": {
                    "total": 249.8567993000006,
                    "count": 18267,
                    "self": 0.3068242999980271,
                    "children": {
                        "env_step": {
                            "total": 196.22400110000106,
                            "count": 18267,
                            "self": 107.75994329999942,
                            "children": {
                                "SubprocessEnvManager._take_step": {
                                    "total": 88.24054730000083,
                                    "count": 18267,
                                    "self": 0.9946636999992222,
                                    "children": {
                                        "TorchPolicy.evaluate": {
                                            "total": 87.2458836000016,
                                            "count": 18267,
                                            "self": 37.58818250000163,
                                            "children": {
                                                "TorchPolicy.sample_actions": {
                                                    "total": 49.657701099999976,
                                                    "count": 18267,
                                                    "self": 49.657701099999976
                                                }
                                            }
                                        }
                                    }
                                },
                                "workers": {
                                    "total": 0.22351050000081152,
                                    "count": 18266,
                                    "self": 0.0,
                                    "children": {
                                        "worker_root": {
                                            "total": 238.96602290000124,
                                            "count": 18266,
                                            "is_parallel": true,
                                            "self": 163.95664880000135,