{
    "name": "root",
    "gauges": {
        "KartDrive.Policy.Entropy.mean": {
            "value": 1.4286720752716064,
            "min": 1.4195499420166016,
            "max": 1.4304115772247314,
            "count": 10
        },
        "KartDrive.Policy.Entropy.sum": {
            "value": 71319.3125,
            "min": 71134.9375,
            "max": 72013.9453125,
            "count": 10
        },
        "KartDrive.Step.mean": {
            "value": 499952.0,
            "min": 49984.0,
            "max": 499952.0,
            "count": 10
        },
        "KartDrive.Step.sum": {
            "value": 499952.0,
            "min": 49984.0,
            "max": 499952.0,
            "count": 10
        },
        "KartDrive.Policy.ExtrinsicValueEstimate.mean": {
            "value": 0.0019812348764389753,
            "min": 0.0019812348764389753,
            "max": 0.4166572690010071,
            "count": 10
        },
        "KartDrive.Policy.ExtrinsicValueEstimate.sum": {
            "value": 1.5671567916870117,
            "min": 1.5671567916870117,
            "max": 329.15924072265625,
            "count": 10
        },
        "KartDrive.Losses.PolicyLoss.mean": {
            "value": 0.022908471071013993,
            "min": 0.021231222286636087,
            "max": 0.025559879033341226,
            "count": 10
        },
        "KartDrive.Losses.PolicyLoss.sum": {
            "value": 0.09163388428405597,
            "min": 0.09071133165659072,
            "max": 0.12779939516670613,
            "count": 10
        },
        "KartDrive.Losses.ValueLoss.mean": {
            "value": 3.083987992387923e-07,
            "min": 3.083987992387923e-07,
            "max": 0.018214673007993648,
            "count": 10
        },
        "KartDrive.Losses.ValueLoss.sum": {
            "value": 1.2335951969551693e-06,
            "min": 1.2335951969551693e-06,
            "max": 0.09107336503996824,
            "count": 10
        },
        "KartDrive.Policy.LearningRate.mean": {
            "value": 1.44624951792e-05,
            "min": 1.44624951792e-05,
            "max": 0.00028383840538719995,
            "count": 10
        },
        "KartDrive.Policy.LearningRate.sum": {
            "value": 5.78499807168e-05,
            "min": 5.78499807168e-05,
            "max": 0.0012744576751808003,
            "count": 10
        },
        "KartDrive.Policy.Epsilon.mean": {
            "value": 0.1048208,
            "min": 0.1048208,
            "max": 0.19461279999999997,
            "count": 10
        },
        "KartDrive.Policy.Epsilon.sum": {
            "value": 0.4192832,
            "min": 0.4192832,
            "max": 0.9248192000000003,
            "count": 10
        },
        "KartDrive.Policy.Beta.mean": {
            "value": 0.00025055792,
            "min": 0.00025055792,
            "max": 0.0047311787200000005,
            "count": 10
        },
        "KartDrive.Policy.Beta.sum": {
            "value": 0.00100223168,
            "min": 0.00100223168,
            "max": 0.021248478080000004,
            "count": 10
        },
        "KartDrive.Environment.EpisodeLength.mean": {
            "value": 1490.8918918918919,
            "min": 1199.0,
            "max": 1490.8918918918919,
            "count": 10
        },
        "KartDrive.Environment.EpisodeLength.sum": {
            "value": 55163.0,
            "min": 43164.0,
            "max": 55163.0,
            "count": 10
        },
        "KartDrive.Environment.CumulativeReward.mean": {
            "value": 0.0,
            "min": -1.7864866437944207,
            "max": 0.0,
            "count": 10
        },
        "KartDrive.Environment.CumulativeReward.sum": {
            "value": 0.0,
            "min": -66.10000582039356,
            "max": 0.0,
            "count": 10
        },
        "KartDrive.Policy.ExtrinsicReward.mean": {
            "value": 0.0,
            "min": -1.7864866437944207,
            "max": 0.0,
            "count": 10
        },
        "KartDrive.Policy.ExtrinsicReward.sum": {
            "value": 0.0,
            "min": -66.10000582039356,
            "max": 0.0,
            "count": 10
        },
        "KartDrive.IsTraining.mean": {
            "value": 1.0,
            "min": 1.0,
            "max": 1.0,
            "count": 10
        },
        "KartDrive.IsTraining.sum": {
            "value": 1.0,
            "min": 1.0,
            "max": 1.0,
            "count": 10
        }
    },
    "metadata": {
        "timer_format_version": "0.1.0",
        "start_time_seconds": "1668264041",
        "python_version": "3.7.9 (tags/v3.7.9:13c94747c7, Aug 17 2020, 18:58:18) [MSC v.1900 64 bit (AMD64)]",
        "command_line_arguments": "F:\\Projects\\Unity-Projects\\Kart-Racer-One-Last-Course\\venv\\Scripts\\mlagents-learn --initialize-from=testtrack3 --run-id=testtrack4",
        "mlagents_version": "0.28.0",
        "mlagents_envs_version": "0.28.0",
        "communication_protocol_version": "1.5.0",
        "pytorch_version": "1.7.1+cu110",
        "numpy_version": "1.21.2",
        "end_time_seconds": "1668264666"
    },
    "total": 625.2400826999999,
    "count": 1,
    "self": 0.007975099999953272,
    "children": {
        "run_training.setup": {
            "total": 0.07447170000000003,
            "count": 1,
            "self": 0.07447170000000003
        },
        "TrainerController.start_learning": {
            "total": 625.1576359,
            "count": 1,
            "self": 0.9095285000013291,
            "children": {
                "TrainerController._reset_env": {
                    "total": 25.2141379,
                    "count": 1,
                    "self": 25.2141379
                },
                "TrainerController.advance": {
                    "total": 598.9736356999986,
                    "count": 50032,
                    "self": 0.88796530000036,
                    "children": {
                        "env_step": {
                            "total": 455.43462570000514,
                            "count": 50032,
                            "self": 242.3197588000036,
                            "children": {
                                "SubprocessEnvManager._take_step": {
                                    "total": 212.49177140000057,
                                    "count": 50032,
                                    "self": 2.8604842000020767,
                                    "children": {
                                        "TorchPolicy.evaluate": {
                                            "total": 209.6312871999985,
                                            "count": 50032,
                                            "self": 90.1812259999973,
                                            "children": {
                                                "TorchPolicy.sample_actions": {
                                                    "total": 119.4500612000012,
                                                    "count": 50032,
                                                    "self": 119.4500612000012
                                                }
                                            }
                                        }
                                    }
                                },
                                "workers": {
                                    "total": 0.6230955000009715,
                                    "count": 50032,
                                    "self": 0.0,
                                    "children": {
                                        "worker_root": {
                                            "total": 601.389881499989,
                                            "count": 50032,
                                            "is_parallel": true,
                                            "self": 413.07645479999275,